{
    "Products": [
        {
            "id": 1,
            "pname": "Smart Mobile",
            "category": "mobile",
            "subcategory":"lg",
            "price":32000,
            "pimage":"Product/m1.jpg"
        },
        {
            "id": 2,
            "pname": "Smart Mobile",
            "category": "mobile",
            "subcategory":"samsung",
            "price":28000,
            "pimage":"Product/m2.jpg"
        },
        {
            "id": 3,
            "pname": "Smart Mobile",
            "category": "mobile",
            "subcategory":"iphone",
            "price":64000,
            "pimage":"Product/m3.jpg"
        },
        {
            "id": 4,
            "pname": "Smart Mobile",
            "category": "mobile",
            "subcategory":"lg",
            "price":30000,
            "pimage":"Product/m1.jpg"
        },
        {
            "id": 5,
            "pname": "Shirt",
            "category": "shirt",
            "subcategory":"man",
            "price":1500,
            "pimage":"Product/s1.jpg"
        },
        {
            "id": 6,
            "pname": "Shirt",
            "category": "shirt",
            "subcategory":"woman",
            "price":1200,
            "pimage":"Product/s2.jpg"
        },  {
            "id": 7,
            "pname": "Shirt",
            "category": "shirt",
            "subcategory":"kids",
            "price":1900,
            "pimage":"Product/s3.jpg"
        },
        {
            "id": 8,
            "pname": "Shirt",
            "category": "shirt",
            "subcategory":"man",
            "price":1100,
            "pimage":"Product/s4.jpg"
        },
        {
            "id": 9,
            "pname": "Smart Watch",
            "category": "watch",
            "subcategory":"manwatch",
            "price":5500,
            "pimage":"Product/w1.jpg"
        },
        {
            "id": 10,
            "pname": "Smart Watch",
            "category": "watch",
            "subcategory":"kidswatch",
            "price":3200,
            "pimage":"Product/w2.jpg"
        }
    ]
}